Deductive Coding Annotation Sheet — Annotator 1,,,,
"Instructions: For each claim, assign ONE code from the taxonomy sheet. Write the exact code name in column D. Leave column E for comments if uncertain.",,,,
#,Claim ID,Claim Text,Your Code,Notes (optional)
▸  Theme: Build Patterns,,,,
1,C986,SHORTEN THE BUILD TIME,CI IS ASSOCIATED WITH A DECREASING IN BUILD TIME,
2,C916,CI IMPROVES THE CAPACITY TO RELEASE CLEAN CODE (CLEAN RELEASE BUILDS),CI IS ASSOCIATED WITH BUILD HEALTH,
3,C903,CI ENCOURAGES DEVELOPERS TO GIVE VERY HIGH PRIORITY TO FIX BUILD BREAKAGES.,CI IS ASSOCIATED WITH BUILD HEALTH,
4,C985,DECREASES BUILD BREAKAGE,CI IS ASSOCIATED WITH BUILD HEALTH,
5,C915,CI INCREASES THE PROPORTION OF SUCCESSFUL BUILDS,CI IS ASSOCIATED WITH BUILD HEALTH,
▸  Theme: Development Activities,,,,
6,C955,MAGNETISM AND STICKINESS VALUES TEND TO DROP AFTER TRAVIS CI HAS BEEN ADOPTED,CI IS ASSOCIATED WITH A DECREASE IN MAGNETISM AND RETENTION,
7,C956,THE CI ADOPTION LEADS TO A WORSENING IN THE PERCEIVED TEAM PRODUCTIVITY.,CI IS ASSOCIATED WITH A DECREASED PERCEPTION OF PRODUCTIVITY,
8,C957,THE COGNITIVELY DIFFICULT TASK OF INCONSISTENCY PREDICTION IS ABANDONED,CI IS ASSOCIATED WITH A WORKLOAD REDUCTION,
9,C897,CI REDUCES THE CHECKIN OVERHEAD,CI IS ASSOCIATED WITH A WORKLOAD REDUCTION,
10,C1014,CI DECREASED TEAM WORKLOAD FOR PAPERWORK,CI IS ASSOCIATED WITH A WORKLOAD REDUCTION,
11,C1003,CI IMPLY MONETARY COSTS,CI IS ASSOCIATED WITH ORGANIZATIONAL CHALLENGES,
12,C898,"THE STUDY ALSO INDICATES THAT CI IS ASSOCIATED WITH ADDING EXTRA COMPLEXITY, AS IN MANY PULL REQUESTS DEVELOPERS HAVE TO SOLVE NON-TRIVIAL CI CONFIGURATION ISSUES.",CI IS ASSOCIATED WITH ADDING EXTRA COMPLEXITY,
13,C933,ADDITIONAL EFFORT WAS ALSO EVIDENCED WHEN APPLY CI,CI IS ASSOCIATED WITH ADDING EXTRA COMPLEXITY,
14,C1002,CI REQUIRES ADDITIONAL EFFORT,CI IS ASSOCIATED WITH ADDING EXTRA COMPLEXITY,
15,C894,"THE MORE CONTINUOUS INTEGRATION IS PRESENT WITHIN THE SYSTEMS DEVELOPMENT PROCESS, THE GREATER THE STAKEHOLDER SATISFACTION",CI IS ASSOCIATED WITH AN IMPROVEMENT IN SATISFACTION,
16,C960,THE COGNITIVE TRACTABILITY OF THE PROGRAMMING TASK IS INCREASED BY THE SINGLE-PROGRAMMER ASSUMPTION.,CI IS ASSOCIATED WITH A WORKLOAD REDUCTION,
17,C975,MAKES THE TEAM LESS WORRIED ABOUT BREAKING THE BUILD,CI IS ASSOCIATED WITH CONFIDENCE IMPROVEMENT,
18,C907,CONTINUOUS INTEGRATION INCREASES THE CONFIDENCE ABOUT THE QUALITY.,CI IS ASSOCIATED WITH CONFIDENCE IMPROVEMENT,
19,C928,CONTINUOUS INTEGRATION GIVES MORE CONFIDENCE TO PERFORM REQUIRED CODE CHANGES,CI IS ASSOCIATED WITH CONFIDENCE IMPROVEMENT,
20,C962,CI -> LESS WORRY ABOUT BREAKING THE BUILD,CI IS ASSOCIATED WITH CONFIDENCE IMPROVEMENT,
21,C1000,CI IMPROVES THE DEVELOPER'S CONFIDENCE TO PERFORM THE REQUIRED CODE CHANGES.,CI IS ASSOCIATED WITH CONFIDENCE IMPROVEMENT,
22,C932,CONTINUOUS INTEGRATION TECHNIQUES REQUIRE DEVELOPERS A CERTAIN LEVEL OF DISCIPLINE,CI IS ASSOCIATED WITH HUMAN CHALLENGES,
23,C973,CONTINUOUS INTEGRATION IS NOT APPLIED DURING CRITICAL PERIODS FOR SOME DOMAIN (FINANCIAL AND E-COMMERCE),CI IS ASSOCIATED WITH ORGANIZATIONAL CHALLENGES,
24,C982,CI CAUSE LESS TIME DEBUGGING,CI IS RELATED TO PRODUCTIVITY AND EFFICIENCY INCREASING,
25,C904,CD INCREASES THE THROUGHPUT PER  DEVELOPER,CI IS RELATED TO PRODUCTIVITY AND EFFICIENCY INCREASING,
26,C936,CI IMPROVES PRODUCTIVITY,CI IS RELATED TO PRODUCTIVITY AND EFFICIENCY INCREASING,
27,C941,CI INCREASES DEVELOPER PRODUCTIVITY (MENTION CONTINUOUS INTEGRATION AND CONTINUOUS DEPLOYMENT AS MAJOR BUILDING BLOCKS OF AN EFFICIENT AUTOMATED LOOP COMPRISING DIFFERENT FULFILLMENT LEVELS),CI IS RELATED TO PRODUCTIVITY AND EFFICIENCY INCREASING,
28,C906,CONTINUOUS INTEGRATION INCREASES DEVELOPMENT EFFICIENCY,CI IS RELATED TO PRODUCTIVITY AND EFFICIENCY INCREASING,
29,C922,CI CONTRIBUTES   TO   INCREASED   DEVELOPER   PRODUCTIVITY (AS   AN  EFFECT  OF FACILITATING PARALLEL  DEVELOPMENT IN THE SAME  SOURCE   CONTEXT),CI IS RELATED TO PRODUCTIVITY AND EFFICIENCY INCREASING,
30,C992,CI  SPEED UP DEVELOPMENT PRACTICE,CI IS RELATED TO PRODUCTIVITY AND EFFICIENCY INCREASING,
31,C972,PROJECTS WITH CI ARE MORE PRODUCTIVE,CI IS RELATED TO PRODUCTIVITY AND EFFICIENCY INCREASING,
32,C1004,"CI MAY BE CHALLENGING BY FLAKY TESTS (EG, “TESTS CAN SOMETIMES BE FLAKY, WHICH IS FRUSTRATING ”)",CI IS ASSOCIATED WITH TECHNICAL CHALLENGES,
33,C931,ANOTHER RECURRING PROBLEM OF CI IS THE FALSE SENSE OF CONFIDENCE,CI MAY GENERATE A FALSE SENSE OF CONFIDENCE,
34,C1001,CI IS ASSOCIATED TO A FALSE SENSE OF CONFIDENCE (AS A SITUATION WHERE DEVELOPERS BLINDLY TRUST THE TESTS).,CI MAY GENERATE A FALSE SENSE OF CONFIDENCE,
▸  Theme: Integration Patterns,,,,
35,C892,CI INCREASES NORMALIZED COMMIT FREQUENCY [FOR OSS PROJECTS],CI IS ASSOCIATED WITH A COMMIT PATTERN CHANGE,
36,C893,CI INCREASES COMMIT SIZE [FOR OSS PROJECTS],CI IS ASSOCIATED WITH A COMMIT PATTERN CHANGE,
37,C950,CI IS RELATED TO SMALL MERGE COMMITS,CI IS ASSOCIATED WITH A COMMIT PATTERN CHANGE,
38,C951,CI IS RELATED TO AN INCREASE OF MERGE COMMITS,CI IS ASSOCIATED WITH A COMMIT PATTERN CHANGE,
39,C987,SHORTEN THE INTEGRATION TIME,CI IS ASSOCIATED WITH A POSITIVE IMPACT ON INTEGRATION PRACTICE,
40,C966,CI MAKES INTEGRATION EASIER.,CI IS ASSOCIATED WITH A POSITIVE IMPACT ON INTEGRATION PRACTICE,
41,C980,CI MAKES INTEGRATION EASIER,CI IS ASSOCIATED WITH A POSITIVE IMPACT ON INTEGRATION PRACTICE,
42,C946,"SURPRISINGLY, IN 54% OF THE PROJECTS, PRS HAVE A LONGER LIFETIME AFTER ADOPTING CI",CI IS RELATED TO NEGATIVE IMPACTS ON PULL REQUESTS LIFE-CYCLE,
43,C945,"IN 73% (46/63) OF THE PROJECTS, PRS ARE MERGED FASTER BEFORE ADOPTING CI",CI IS RELATED TO NEGATIVE IMPACTS ON PULL REQUESTS LIFE-CYCLE,
44,C948,AFTER ADOPTING CI PROJECTS DELIVER 3.43 TIMES MORE PRS PER RELEASE THAN BEFORE CI,CI IS RELATED TO POSITIVE IMPACTS ON PULL REQUESTS LIFE-CYCLE,
45,C940,CI CAN HELP DETECT MERGING ISSUES EARLY AND EASILY,CI IS ASSOCIATED WITH A POSITIVE IMPACT ON INTEGRATION PRACTICE,
46,C944,ONLY 51.3% OF THE PROJECTS DELIVER MERGED PRS MORE QUICKLY AFTER THE ADOPTION OF CI,CI IS RELATED TO NEGATIVE IMPACTS ON PULL REQUESTS LIFE-CYCLE,
47,C947,71.3% (62/87) OF THE PROJECTS INCREASE PR SUBMISSIONS AFTER ADOPTING CI.,CI IS RELATED TO POSITIVE IMPACTS ON PULL REQUESTS LIFE-CYCLE,
48,C990,CI IS A DOMINANT FACTOR OF PULL REQUEST LATENCY.,CI IS RELATED TO NEGATIVE IMPACTS ON PULL REQUESTS LIFE-CYCLE,
49,C983,HELPS TO REJECT PROBLEMATIC PR,CI IS RELATED TO POSITIVE IMPACTS ON PULL REQUESTS LIFE-CYCLE,
50,C914,"CI IS A DOMINANT FACTOR OF PULL-REQUEST ACCEPTANCE AND LATENCY. (THE PULL-REQUESTS WITH CI FAILURES HAVE ABOUT 89.6% GREATER ODDS OF BEING REJECTED EVENTUALLY.; FOR PULL-REQUEST LATENCY, THE CI RUNNING TIME IS HIGHLY SIGNIFICANT AND COVERS MORE THAN 21% OF THE VARIANCE EXPLAINED.)",CI IS RELATED TO NEGATIVE IMPACTS ON PULL REQUESTS LIFE-CYCLE,
51,C952,MORE PRS ARE BEING CLOSED AFTER ADOPTING CI,CI IS RELATED TO POSITIVE IMPACTS ON PULL REQUESTS LIFE-CYCLE,
52,C977,"CI BUILD STATUS CAN MAKE INTEGRATING PULL REQUESTS FASTER. WHEN USING CI, THE MEDIAN PULL REQUEST IS ACCEPTED 1.6 HOURS SOONER.",CI IS RELATED TO POSITIVE IMPACTS ON PULL REQUESTS LIFE-CYCLE,
▸  Theme: Issues And Defects,,,,
53,C974,CI HELPS TO CATCH BUGS EARLY,CI IS ASSOCIATED WITH A DECREASE IN TIME TO LEAD DEFECTS,
54,C961,CI HELPS CATCH BUGS EARLIER,CI IS ASSOCIATED WITH A DECREASE IN TIME TO LEAD DEFECTS,
55,C1008,CI MAKES CAUGHT ISSUES EARLIER EVEN IN UNIT AND CSCI LEVEL TESTS,CI IS ASSOCIATED WITH A DECREASE IN TIME TO LEAD DEFECTS,
56,C994,CI SUPPORTS THE TEAM TO CATCH PROBLEMS AS EARLY AS POSSIBLE.,CI IS ASSOCIATED WITH A DECREASE IN TIME TO LEAD DEFECTS,
57,C937,CI REDUCES THE TURNAROUND TIME FOR RESOLVING BROKEN BUILDS,CI IS ASSOCIATED WITH A DECREASE IN TIME TO LEAD DEFECTS,
58,C918,TDD AND CI HELPED IN REDUCING THE TIME TO FIND AND FIX THE DEFECTS,CI IS ASSOCIATED WITH A DECREASE IN TIME TO LEAD DEFECTS,
59,C1005,CD DECREASES THE DEFECT REPORT,CI IS ASSOCIATED WITH DEFECTS REDUCTION,
60,C901,CI INCREASES NORMALIZED BUGS RESOLVED [OSS PROJECTS],CI IS ASSOCIATED WITH DEFECTS REDUCTION,
61,C943,CORE DEVELOPERS IN TEAMS USING CI ARE ABLE TO DISCOVER SIGNIFICANTLY MORE BUGS THAN IN TEAMS NOT USING CI.,CI IS ASSOCIATED WITH DEFECTS REDUCTION,
62,C917,TDD AND CI REDUCES THE DEFECTS COMPARING WITH NO CI,CI IS ASSOCIATED WITH DEFECTS REDUCTION,
63,C953,"CI IS RELATED TO AN INCREASING TREND IN THE NUMBER OF ISSUES CLOSED PER TIME PERIOD,",CI IS ASSOCIATED WITH ISSUES REDUCTION,
▸  Theme: Quality Assurance,,,,
64,C981,CI HELP TO TEST IN A REAL-WORLD ENVIRONMENT,CI IS ASSOCIATED TO MULTI-ENVIRONMENT TESTS,
65,C996,ENABLE  CROSS-PLATFORM TESTING,CI IS ASSOCIATED TO MULTI-ENVIRONMENT TESTS,
66,C927,CI ENABLES CROSS-PLATFORM TESTING,CI IS ASSOCIATED TO MULTI-ENVIRONMENT TESTS,
67,C968,TEST ACROSS ALL PLATFORMS,CI IS ASSOCIATED TO MULTI-ENVIRONMENT TESTS,
68,C909,CI IS THE RIGHT CONTEXT FOR MAKING CONTINUOUS REFACTORING POSSIBLE TO APPLY.( CONTINUOUS REFACTORING SHOULD BE INCLUDED AMONG THE PATTERNS TO FOLLOW IN ORDER TO FULLY BENEFIT FROM THE ADOPTION OF CI. ),CI IS ASSOCIATED WITH TO FAVOR CONTINUOUS REFACTORING,
69,C924,CI HELPS TO CATCH PROBLEMS AS EARLY AS POSSIBLE,CI IS RELATED TO AN INCREASE QUALITY ASSESSMENT,
70,C993,IMPROVE SOFTWARE QUALITY,CI IS RELATED TO AN INCREASE QUALITY ASSESSMENT,
71,C1013,CI INCREASED SOFTWARE QUALITY,CI IS RELATED TO AN INCREASE QUALITY ASSESSMENT,
72,C925,CI IMPROVES QUALITY,CI IS RELATED TO AN INCREASE QUALITY ASSESSMENT,
73,C971,PROJECTS THAT USE CI HAVE HIGHER CODE QUALITY,CI IS RELATED TO AN INCREASE QUALITY ASSESSMENT,
74,C939,CI IMPROVES CODE QUALITY,CI IS RELATED TO AN INCREASE QUALITY ASSESSMENT,
75,C910,CI -> DEVELOPERS TEND TO ASSESS CODE QUALITY CONTINUOUSLY,CI IS RELATED TO AN INCREASE QUALITY ASSESSMENT,
76,C978,"CI ALLOWS RUNNING THE TESTS IN THE CLOUD, FREEING UP PERSONAL MACHINES",CI IS RELATED TO POSITIVE IMPACTS ON TEST PRACTICE,
77,C995,ENFORCE AUTOMATED SOFTWARE TESTING,CI IS RELATED TO POSITIVE IMPACTS ON TEST PRACTICE,
78,C969,PROJECTS WITH CI GIVE MORE VALUE TO AUTOMATED TESTS,CI IS RELATED TO POSITIVE IMPACTS ON TEST PRACTICE,
79,C970,PROJECTS WITH CI HAVE HIGHER QUALITY TESTS,CI IS RELATED TO POSITIVE IMPACTS ON TEST PRACTICE,
80,C959,CI FORCES MORE TEST EFFORT,CI IS RELATED TO POSITIVE IMPACTS ON TEST PRACTICE,
81,C988,INCREASES THE NUMBER OF AUTOMATED TESTS,CI IS RELATED TO POSITIVE IMPACTS ON TEST PRACTICE,
82,C895,CI USAGE IS ASSOCIATED WITH HIGH CLASS TEST COVERAGE,CI IS RELATED TO POSITIVE IMPACTS ON TEST PRACTICE,
83,C923,CI IS CORRELATED TO THE PRESENCE OF TEST PRACTICE,CI IS RELATED TO POSITIVE IMPACTS ON TEST PRACTICE,
84,C954,THE AMOUNT (AND POTENTIALLY THE QUALITY) OF AUTOMATED TESTS SEEMS TO INCREASE,CI IS RELATED TO POSITIVE IMPACTS ON TEST PRACTICE,
▸  Theme: Software Process,,,,
85,C911,CONTINUOUS INTEGRATION ENABLES STEPWISE TRANSITION FROM WATERFALL TO AGILE,CI FACILITATES THE TRANSITION TO AGILE,
86,C912,THE INTEGRATION TOOL-CHAIN ENABLED SHORTER FEEDBACK CYCLES,CI IS ASSOCIATED WITH A FEED BACK FREQUENCY INCREASE,
87,C967,CI ENFORCES A SPECIFIC WORKFLOW,CI IS ASSOCIATED WITH AN IMPROVEMENT IN PROCESS RELIABILITY,
88,C999,CI REDUCES MANUAL WORK,CI IS ASSOCIATED WITH AN IMPROVEMENT IN PROCESS AUTOMATION,
89,C934,CI IMPROVES AUTOMATION,CI IS ASSOCIATED WITH AN IMPROVEMENT IN PROCESS AUTOMATION,
90,C1012,CI PROVIDED DETAILED INSIGHT FROM MANAGEMENT PERSPECTIVE,CI IS ASSOCIATED WITH AN IMPROVEMENT IN PROCESS RELIABILITY,
91,C1010,CI BUILT A SOLID FOUNDATION FOR QUANTITATIVE EVALUATION OF SOFTWARE PROGRESS,CI IS ASSOCIATED WITH AN IMPROVEMENT IN PROCESS RELIABILITY,
92,C913,"WHEN EVERYTHING IS A MOVING TARGET, CONTINUOUS INTEGRATION CAN PROVIDE STABLE GROUND",CI IS ASSOCIATED WITH AN IMPROVEMENT IN PROCESS RELIABILITY,
93,C921,CI -> IMPROVES PROJECT PREDICTABILITY,CI IS ASSOCIATED WITH AN IMPROVEMENT IN PROCESS RELIABILITY,
94,C1015,"CI BASED PROCESS AUTOMATION LETS THE TEST AND QA ENGINEERS TO BE INVOLVED IN THE DEVELOPMENT, CONTINUOUSLY",CI IS ASSOCIATED WITH AN IMPROVEMENT IN PROCESS AUTOMATION,
95,C958,THE COMMUNICATION REQUIRED BY PROACTIVE INCONSISTENCY MITIGATION IS AVOIDED,CI IS ASSOCIATED WITH AN INCREASE IN COOPERATION,
96,C949,WE FIND THAT 75.9% (66/87) OF THE STUDIED PROJECTS TEND TO INCREASE THE NUMBER OF PR CONTRIBUTORS PER RELEASE AFTER ADOPTING CI.,CI IS ASSOCIATED WITH AN INCREASE IN COOPERATION,
97,C919,CI -> IMPROVES COMMUNICATION INTRA-TEAM,CI IS ASSOCIATED WITH AN INCREASE IN COOPERATION,
98,C998,IMPROVE COMMUNICATION,CI IS ASSOCIATED WITH AN INCREASE IN COOPERATION,
99,C920,CI -> IMPROVES COMMUNICATION INTER-TEAM,CI IS ASSOCIATED WITH AN INCREASE IN COOPERATION,
100,C899,CI INCREASES NORMALIZED COLLABORATION AMOUNT BETWEEN PROGRAMMERS [OSS AND PROPRIETARY PROJECTS],CI IS ASSOCIATED WITH AN INCREASE IN COOPERATION,
101,C1007,CI BROUGHT INCREASED VISIBILITY ENABLING GREATER COMMUNICATION AMONG THE RELEVANT STAKEHOLDERS.,CI IS ASSOCIATED WITH AN INCREASE IN COOPERATION,
102,C908,CI -> BENEFITS SOFTWARE DEVELOPMENT OF LARGE-SCALE SYSTEMS,CI IS ASSOCIATED WITH SOFTWARE DEVELOPMENT BENEFITS,
103,C930,CI GENERATED TECHNICAL PROBLEMS IS PARTICULARLY CHALLENGING FOR ONBOARDING NEWCOMERS (SINCE THEY “DO NOT UNDERSTAND WHAT CI DOES AND WHAT IT DOESN’T”.),CI IS ASSOCIATED WITH TECHNICAL CHALLENGES,
104,C896,LACK OF SUPPORT FOR NEEDED TECHNOLOGY IS ASSOCIATED WITH AN INCREASE RISK OF ABANDONING,CI IS ASSOCIATED WITH TECHNICAL CHALLENGES,
105,C891,CI BRING CHALLENGES WHEN IMPLEMENTING IN PRACTICE,CI IS ASSOCIATED WITH TECHNICAL CHALLENGES,
106,C905,DUVALL’S SEVEN CORNER STONES OF CONTINUOUS INTEGRATION IS DIFFICULT TO BE APPLIED FOR EMBEDDED SYSTEMS,CI IS ASSOCIATED WITH TECHNICAL CHALLENGES,
107,C965,CI ALLOWS FASTER ITERATIONS,CI IS ASSOCIATED WITH A FEED BACK FREQUENCY INCREASE,
108,C926,CI IMPROVES THE FAST DEVELOPMENT CYCLE,CI IS RELATED TO POSITIVE IMPACTS ON RELEASE CYCLE,
109,C984,MORE QUICK PATCH AND RELEASING DELIVERIES,CI IS RELATED TO POSITIVE IMPACTS ON RELEASE CYCLE,
110,C979,CI HELPS DEPLOY MORE OFTEN,CI IS RELATED TO POSITIVE IMPACTS ON RELEASE CYCLE,
111,C976,PROJECTS THAT USE CI RELEASE MORE THAN TWICE AS OFTEN AS THOSE THAT DO NOT USE CI.,CI IS RELATED TO POSITIVE IMPACTS ON RELEASE CYCLE,
112,C938,CI PROMOTES A REGULAR RELEASE CYCLE;THIS ALLOWS US TO GIVE INCREMENTAL VALUE TO THE BUSINESS FREQUENTLY AND PREDICTABLY.,CI IS RELATED TO POSITIVE IMPACTS ON RELEASE CYCLE,
113,C964,CI HELPS PROJECTS DEPLOY MORE OFTEN,CI IS RELATED TO POSITIVE IMPACTS ON RELEASE CYCLE,